F001	WhatsApp Image 2026-06-24 at 21.22.54.jpeg
F002	WhatsApp Image 2026-06-24 at 21.22.56.jpeg
F003	WhatsApp Image 2026-06-24 at 21.22.58 (1).jpeg
F004	WhatsApp Image 2026-06-24 at 21.22.58 (2).jpeg
F005	WhatsApp Image 2026-06-24 at 21.22.58 (3).jpeg
F006	WhatsApp Image 2026-06-24 at 21.22.58 (4).jpeg
F007	WhatsApp Image 2026-06-24 at 21.22.58 (5).jpeg
F008	WhatsApp Image 2026-06-24 at 21.22.58 (6).jpeg
F009	WhatsApp Image 2026-06-24 at 21.22.58 (7).jpeg
F010	WhatsApp Image 2026-06-24 at 21.22.58 (8).jpeg
F011	WhatsApp Image 2026-06-24 at 21.22.58.jpeg
F012	WhatsApp Image 2026-06-24 at 21.22.59 (10).jpeg
F013	WhatsApp Image 2026-06-24 at 21.22.59 (11).jpeg
F014	WhatsApp Image 2026-06-24 at 21.22.59 (12).jpeg
F015	WhatsApp Image 2026-06-24 at 21.22.59 (13).jpeg
F016	WhatsApp Image 2026-06-24 at 21.22.59 (14).jpeg
F017	WhatsApp Image 2026-06-24 at 21.22.59 (15).jpeg
F018	WhatsApp Image 2026-06-24 at 21.22.59 (16).jpeg
F019	WhatsApp Image 2026-06-24 at 21.22.59 (17).jpeg
F020	WhatsApp Image 2026-06-24 at 21.22.59 (18).jpeg
F021	WhatsApp Image 2026-06-24 at 21.22.59 (19).jpeg
F022	WhatsApp Image 2026-06-24 at 21.22.59 (20).jpeg
F023	WhatsApp Image 2026-06-24 at 21.22.59 (21).jpeg
F024	WhatsApp Image 2026-06-24 at 21.22.59 (22).jpeg
F025	WhatsApp Image 2026-06-24 at 21.22.59 (23).jpeg
F026	WhatsApp Image 2026-06-24 at 21.22.59 (24).jpeg
F027	WhatsApp Image 2026-06-24 at 21.22.59 (25).jpeg
F028	WhatsApp Image 2026-06-24 at 21.22.59 (26).jpeg
F029	WhatsApp Image 2026-06-24 at 21.22.59 (27).jpeg
F030	WhatsApp Image 2026-06-24 at 21.22.59 (28).jpeg
F031	WhatsApp Image 2026-06-24 at 21.22.59 (29).jpeg
F032	WhatsApp Image 2026-06-24 at 21.22.59 (3).jpeg
F033	WhatsApp Image 2026-06-24 at 21.22.59 (30).jpeg
F034	WhatsApp Image 2026-06-24 at 21.22.59 (31).jpeg
F035	WhatsApp Image 2026-06-24 at 21.22.59 (32).jpeg
F036	WhatsApp Image 2026-06-24 at 21.22.59 (33).jpeg
F037	WhatsApp Image 2026-06-24 at 21.22.59 (34).jpeg
F038	WhatsApp Image 2026-06-24 at 21.22.59 (35).jpeg
F039	WhatsApp Image 2026-06-24 at 21.22.59 (36).jpeg
F040	WhatsApp Image 2026-06-24 at 21.22.59 (37).jpeg
F041	WhatsApp Image 2026-06-24 at 21.22.59 (38).jpeg
F042	WhatsApp Image 2026-06-24 at 21.22.59 (39).jpeg
F043	WhatsApp Image 2026-06-24 at 21.22.59 (4).jpeg
F044	WhatsApp Image 2026-06-24 at 21.22.59 (40).jpeg
F045	WhatsApp Image 2026-06-24 at 21.22.59 (41).jpeg
F046	WhatsApp Image 2026-06-24 at 21.22.59 (42).jpeg
F047	WhatsApp Image 2026-06-24 at 21.22.59 (43).jpeg
F048	WhatsApp Image 2026-06-24 at 21.22.59 (44).jpeg
F049	WhatsApp Image 2026-06-24 at 21.22.59 (46).jpeg
F050	WhatsApp Image 2026-06-24 at 21.22.59 (47).jpeg
F051	WhatsApp Image 2026-06-24 at 21.22.59 (48).jpeg
F052	WhatsApp Image 2026-06-24 at 21.22.59 (49).jpeg
F053	WhatsApp Image 2026-06-24 at 21.22.59 (5).jpeg
F054	WhatsApp Image 2026-06-24 at 21.22.59 (50).jpeg
F055	WhatsApp Image 2026-06-24 at 21.22.59 (51).jpeg
F056	WhatsApp Image 2026-06-24 at 21.22.59 (52).jpeg
F057	WhatsApp Image 2026-06-24 at 21.22.59 (53).jpeg
F058	WhatsApp Image 2026-06-24 at 21.22.59 (54).jpeg
F059	WhatsApp Image 2026-06-24 at 21.22.59 (55).jpeg
F060	WhatsApp Image 2026-06-24 at 21.22.59 (56).jpeg
F061	WhatsApp Image 2026-06-24 at 21.22.59 (57).jpeg
F062	WhatsApp Image 2026-06-24 at 21.22.59 (58).jpeg
F063	WhatsApp Image 2026-06-24 at 21.22.59 (59).jpeg
F064	WhatsApp Image 2026-06-24 at 21.22.59 (6).jpeg
F065	WhatsApp Image 2026-06-24 at 21.22.59 (60).jpeg
F066	WhatsApp Image 2026-06-24 at 21.22.59 (61).jpeg
F067	WhatsApp Image 2026-06-24 at 21.22.59 (62).jpeg
F068	WhatsApp Image 2026-06-24 at 21.22.59 (63).jpeg
F069	WhatsApp Image 2026-06-24 at 21.22.59 (64).jpeg
F070	WhatsApp Image 2026-06-24 at 21.22.59 (65).jpeg
F071	WhatsApp Image 2026-06-24 at 21.22.59 (66).jpeg
F072	WhatsApp Image 2026-06-24 at 21.22.59 (67).jpeg
F073	WhatsApp Image 2026-06-24 at 21.22.59 (68).jpeg
F074	WhatsApp Image 2026-06-24 at 21.22.59 (69).jpeg
F075	WhatsApp Image 2026-06-24 at 21.22.59 (8).jpeg
F076	WhatsApp Image 2026-06-24 at 21.22.59 (9).jpeg
F077	WhatsApp Image 2026-06-24 at 21.22.59.jpeg
F078	WhatsApp Image 2026-06-24 at 21.25.10 (1).jpeg
F079	WhatsApp Image 2026-06-24 at 21.25.10 (2).jpeg
F080	WhatsApp Image 2026-06-24 at 21.25.10 (3).jpeg
F081	WhatsApp Image 2026-06-24 at 21.25.10.jpeg
F082	WhatsApp Image 2026-06-24 at 21.25.50 (1).jpeg
F083	WhatsApp Image 2026-06-24 at 21.25.50.jpeg
F084	WhatsApp Image 2026-06-24 at 21.35.22 (1).jpeg
F085	WhatsApp Image 2026-06-24 at 21.35.22 (2).jpeg
F086	WhatsApp Image 2026-06-24 at 21.35.22 (3).jpeg
F087	WhatsApp Image 2026-06-24 at 21.35.22 (4).jpeg
F088	WhatsApp Image 2026-06-24 at 21.35.22 (5).jpeg
F089	WhatsApp Image 2026-06-24 at 21.35.22 (6).jpeg
F090	WhatsApp Image 2026-06-24 at 21.35.22 (7).jpeg
F091	WhatsApp Image 2026-06-24 at 21.35.22 (8).jpeg
F092	WhatsApp Image 2026-06-24 at 21.35.22 (9).jpeg
F093	WhatsApp Image 2026-06-24 at 21.35.22.jpeg
F094	WhatsApp Image 2026-06-24 at 21.37.04 (1).jpeg
F095	WhatsApp Image 2026-06-24 at 21.37.04.jpeg
F096	WhatsApp Image 2026-06-24 at 21.37.05 (1).jpeg
F097	WhatsApp Image 2026-06-24 at 21.37.05.jpeg
F098	WhatsApp Image 2026-06-24 at 21.39.54 (1).jpeg
F099	WhatsApp Image 2026-06-24 at 21.39.54 (2).jpeg
F100	WhatsApp Image 2026-06-24 at 21.39.54.jpeg
F101	WhatsApp Image 2026-06-24 at 21.40.19.jpeg
F102	WhatsApp Image 2026-06-24 at 21.43.44 (1).jpeg
F103	WhatsApp Image 2026-06-24 at 21.43.44 (2).jpeg
F104	WhatsApp Image 2026-06-24 at 21.43.44 (3).jpeg
F105	WhatsApp Image 2026-06-24 at 21.43.44 (4).jpeg
F106	WhatsApp Image 2026-06-24 at 21.43.44 (5).jpeg
F107	WhatsApp Image 2026-06-24 at 21.43.44 (6).jpeg
F108	WhatsApp Image 2026-06-24 at 21.43.44 (7).jpeg
F109	WhatsApp Image 2026-06-24 at 21.43.44.jpeg
F110	WhatsApp Image 2026-06-24 at 21.49.32 (1).jpeg
F111	WhatsApp Image 2026-06-24 at 21.49.32 (2).jpeg
F112	WhatsApp Image 2026-06-24 at 21.49.32.jpeg
F113	WhatsApp Image 2026-06-24 at 22.16.41.jpeg
F114	WhatsApp Image 2026-06-24 at 22.16.42.jpeg
F115	WhatsApp Image 2026-06-25 at 10.53.28.jpeg
F116	WhatsApp Image 2026-06-25 at 10.53.34 (1).jpeg
F117	WhatsApp Image 2026-06-25 at 10.53.34 (2).jpeg
F118	WhatsApp Image 2026-06-25 at 10.53.34 (3).jpeg
F119	WhatsApp Image 2026-06-25 at 10.53.34 (4).jpeg
F120	WhatsApp Image 2026-06-25 at 10.53.34 (5).jpeg
F121	WhatsApp Image 2026-06-25 at 10.53.34 (6).jpeg
F122	WhatsApp Image 2026-06-25 at 10.53.34 (7).jpeg
F123	WhatsApp Image 2026-06-25 at 10.53.34.jpeg
F124	WhatsApp Image 2026-06-25 at 10.53.35.jpeg
F125	WhatsApp Image 2026-06-25 at 10.53.36 (1).jpeg
F126	WhatsApp Image 2026-06-25 at 10.53.36 (2).jpeg
F127	WhatsApp Image 2026-06-25 at 10.53.36.jpeg
F128	WhatsApp Image 2026-06-25 at 10.53.37 (1).jpeg
F129	WhatsApp Image 2026-06-25 at 10.53.37 (10).jpeg
F130	WhatsApp Image 2026-06-25 at 10.53.37 (11).jpeg
F131	WhatsApp Image 2026-06-25 at 10.53.37 (12).jpeg
F132	WhatsApp Image 2026-06-25 at 10.53.37 (13).jpeg
F133	WhatsApp Image 2026-06-25 at 10.53.37 (14).jpeg
F134	WhatsApp Image 2026-06-25 at 10.53.37 (15).jpeg
F135	WhatsApp Image 2026-06-25 at 10.53.37 (16).jpeg
F136	WhatsApp Image 2026-06-25 at 10.53.37 (17).jpeg
F137	WhatsApp Image 2026-06-25 at 10.53.37 (18).jpeg
F138	WhatsApp Image 2026-06-25 at 10.53.37 (19).jpeg
F139	WhatsApp Image 2026-06-25 at 10.53.37 (2).jpeg
F140	WhatsApp Image 2026-06-25 at 10.53.37 (20).jpeg
F141	WhatsApp Image 2026-06-25 at 10.53.37 (21).jpeg
F142	WhatsApp Image 2026-06-25 at 10.53.37 (22).jpeg
F143	WhatsApp Image 2026-06-25 at 10.53.37 (23).jpeg
F144	WhatsApp Image 2026-06-25 at 10.53.37 (24).jpeg
F145	WhatsApp Image 2026-06-25 at 10.53.37 (25).jpeg
F146	WhatsApp Image 2026-06-25 at 10.53.37 (26).jpeg
F147	WhatsApp Image 2026-06-25 at 10.53.37 (27).jpeg
F148	WhatsApp Image 2026-06-25 at 10.53.37 (28).jpeg
F149	WhatsApp Image 2026-06-25 at 10.53.37 (29).jpeg
F150	WhatsApp Image 2026-06-25 at 10.53.37 (3).jpeg
F151	WhatsApp Image 2026-06-25 at 10.53.37 (30).jpeg
F152	WhatsApp Image 2026-06-25 at 10.53.37 (31).jpeg
F153	WhatsApp Image 2026-06-25 at 10.53.37 (32).jpeg
F154	WhatsApp Image 2026-06-25 at 10.53.37 (4).jpeg
F155	WhatsApp Image 2026-06-25 at 10.53.37 (5).jpeg
F156	WhatsApp Image 2026-06-25 at 10.53.37 (6).jpeg
F157	WhatsApp Image 2026-06-25 at 10.53.37 (7).jpeg
F158	WhatsApp Image 2026-06-25 at 10.53.37 (8).jpeg
F159	WhatsApp Image 2026-06-25 at 10.53.37 (9).jpeg
F160	WhatsApp Image 2026-06-25 at 10.53.37.jpeg
F161	WhatsApp Image 2026-06-25 at 10.53.38 (1).jpeg
F162	WhatsApp Image 2026-06-25 at 10.53.38 (10).jpeg
F163	WhatsApp Image 2026-06-25 at 10.53.38 (11).jpeg
F164	WhatsApp Image 2026-06-25 at 10.53.38 (12).jpeg
F165	WhatsApp Image 2026-06-25 at 10.53.38 (13).jpeg
F166	WhatsApp Image 2026-06-25 at 10.53.38 (14).jpeg
F167	WhatsApp Image 2026-06-25 at 10.53.38 (15).jpeg
F168	WhatsApp Image 2026-06-25 at 10.53.38 (16).jpeg
F169	WhatsApp Image 2026-06-25 at 10.53.38 (17).jpeg
F170	WhatsApp Image 2026-06-25 at 10.53.38 (18).jpeg
F171	WhatsApp Image 2026-06-25 at 10.53.38 (19).jpeg
F172	WhatsApp Image 2026-06-25 at 10.53.38 (2).jpeg
F173	WhatsApp Image 2026-06-25 at 10.53.38 (20).jpeg
F174	WhatsApp Image 2026-06-25 at 10.53.38 (21).jpeg
F175	WhatsApp Image 2026-06-25 at 10.53.38 (22).jpeg
F176	WhatsApp Image 2026-06-25 at 10.53.38 (23).jpeg
F177	WhatsApp Image 2026-06-25 at 10.53.38 (24).jpeg
F178	WhatsApp Image 2026-06-25 at 10.53.38 (25).jpeg
F179	WhatsApp Image 2026-06-25 at 10.53.38 (26).jpeg
F180	WhatsApp Image 2026-06-25 at 10.53.38 (27).jpeg
F181	WhatsApp Image 2026-06-25 at 10.53.38 (28).jpeg
F182	WhatsApp Image 2026-06-25 at 10.53.38 (29).jpeg
F183	WhatsApp Image 2026-06-25 at 10.53.38 (3).jpeg
F184	WhatsApp Image 2026-06-25 at 10.53.38 (30).jpeg
F185	WhatsApp Image 2026-06-25 at 10.53.38 (31).jpeg
F186	WhatsApp Image 2026-06-25 at 10.53.38 (32).jpeg
F187	WhatsApp Image 2026-06-25 at 10.53.38 (33).jpeg
F188	WhatsApp Image 2026-06-25 at 10.53.38 (34).jpeg
F189	WhatsApp Image 2026-06-25 at 10.53.38 (35).jpeg
F190	WhatsApp Image 2026-06-25 at 10.53.38 (36).jpeg
F191	WhatsApp Image 2026-06-25 at 10.53.38 (38).jpeg
F192	WhatsApp Image 2026-06-25 at 10.53.38 (39).jpeg
F193	WhatsApp Image 2026-06-25 at 10.53.38 (4).jpeg
F194	WhatsApp Image 2026-06-25 at 10.53.38 (40).jpeg
F195	WhatsApp Image 2026-06-25 at 10.53.38 (41).jpeg
F196	WhatsApp Image 2026-06-25 at 10.53.38 (42).jpeg
F197	WhatsApp Image 2026-06-25 at 10.53.38 (5).jpeg
F198	WhatsApp Image 2026-06-25 at 10.53.38 (6).jpeg
F199	WhatsApp Image 2026-06-25 at 10.53.38 (7).jpeg
F200	WhatsApp Image 2026-06-25 at 10.53.38 (8).jpeg
F201	WhatsApp Image 2026-06-25 at 10.53.38 (9).jpeg
F202	WhatsApp Image 2026-06-25 at 10.53.38.jpeg